Name;Preview;Price;URL
Гладкий свитшот;https://www.reserved.com/media/catalog/product/cache/850/a4e40ebdc3e371adff845072e1c73f37/Z/U/ZU288-08X-002-1_2.jpg;799RUB;https://www.reserved.com/ru/ru/zu288-08x
Футболка с рождественским принтом;https://www.reserved.com/media/catalog/product/cache/850/a4e40ebdc3e371adff845072e1c73f37/6/6/6621H-01X-010-1_1.jpg;599RUB;https://www.reserved.com/ru/ru/6621h-01x
Худи;https://www.reserved.com/media/catalog/product/cache/850/a4e40ebdc3e371adff845072e1c73f37/Z/U/ZU278-29X-002-1.jpg;1299RUB;https://www.reserved.com/ru/ru/zu278-29x
Худи;https://www.reserved.com/media/catalog/product/cache/850/a4e40ebdc3e371adff845072e1c73f37/Z/U/ZU278-22X-010-1_1.jpg;1299RUB;https://www.reserved.com/ru/ru/zu278-22x
Худи;https://www.reserved.com/media/catalog/product/cache/850/a4e40ebdc3e371adff845072e1c73f37/Z/U/ZU278-71X-001-1.jpg;1299RUB;https://www.reserved.com/ru/ru/zu278-71x
Стеганая куртка;https://www.reserved.com/media/catalog/product/cache/850/a4e40ebdc3e371adff845072e1c73f37/4/5/4509C-99X-002-1_1.jpg;2599RUB;https://www.reserved.com/ru/ru/4509c-99x
Утепленная куртка-рубашка;https://www.reserved.com/media/catalog/product/cache/850/a4e40ebdc3e371adff845072e1c73f37/5/8/5867H-99X-002-1_2.jpg;2599RUB;https://www.reserved.com/ru/ru/5867h-99x
Утепленная куртка-рубашка;https://www.reserved.com/media/catalog/product/cache/850/a4e40ebdc3e371adff845072e1c73f37/5/8/5867H-89X-001-1_2.jpg;2599RUB;https://www.reserved.com/ru/ru/5867h-89x
Утепленная куртка-рубашка;https://www.reserved.com/media/catalog/product/cache/850/a4e40ebdc3e371adff845072e1c73f37/5/8/5867H-08X-001-1_2.jpg;2599RUB;https://www.reserved.com/ru/ru/5867h-08x
Утепленная куртка-рубашка;https://www.reserved.com/media/catalog/product/cache/850/a4e40ebdc3e371adff845072e1c73f37/5/8/5867H-05X-001-1_2.jpg;2599RUB;https://www.reserved.com/ru/ru/5867h-05x
Классическое пальто из полушерстяной ткани;https://www.reserved.com/media/catalog/product/cache/850/a4e40ebdc3e371adff845072e1c73f37/5/8/5896H-09M-001-1.jpg;4999RUB;https://www.reserved.com/ru/ru/5896h-09m
Классическое пальто из полушерстяной ткани;https://www.reserved.com/media/catalog/product/cache/850/a4e40ebdc3e371adff845072e1c73f37/5/8/5896H-83X-002-1.jpg;4999RUB;https://www.reserved.com/ru/ru/5896h-83x
Классическое пальто из полушерстяной ткани;https://www.reserved.com/media/catalog/product/cache/850/a4e40ebdc3e371adff845072e1c73f37/5/8/5896H-08M-010-1.jpg;4999RUB;https://www.reserved.com/ru/ru/5896h-08m
Джемпер Grinch с рождественским мотивом;https://www.reserved.com/media/catalog/product/cache/850/a4e40ebdc3e371adff845072e1c73f37/6/3/6311H-99P-040-1_3.jpg;1999RUB;https://www.reserved.com/ru/ru/6311h-99p
Классическое пальто;https://www.reserved.com/media/catalog/product/cache/850/a4e40ebdc3e371adff845072e1c73f37/6/2/6262H-80X-002-1_6.jpg;4999RUB;https://www.reserved.com/ru/ru/6262h-80x
Пальто с капюшоном;https://www.reserved.com/media/catalog/product/cache/850/a4e40ebdc3e371adff845072e1c73f37/5/8/5877H-99X-001-1_1.jpg;3999RUB;https://www.reserved.com/ru/ru/5877h-99x
Пальто с капюшоном;https://www.reserved.com/media/catalog/product/cache/850/a4e40ebdc3e371adff845072e1c73f37/5/8/5877H-97X-002-1.jpg;3999RUB;https://www.reserved.com/ru/ru/5877h-97x
Брюки carrot;https://www.reserved.com/media/catalog/product/cache/850/a4e40ebdc3e371adff845072e1c73f37/6/4/6462H-50J-010-1_1.jpg;1599RUB;https://www.reserved.com/ru/ru/6462h-50j
Куртка-бомбер с подкладкой;https://www.reserved.com/media/catalog/product/cache/850/a4e40ebdc3e371adff845072e1c73f37/4/5/4505C-93X-003-1_3.jpg;2599RUB;https://www.reserved.com/ru/ru/4505c-93x
Трикотажное худи;https://www.reserved.com/media/catalog/product/cache/850/a4e40ebdc3e371adff845072e1c73f37/Z/U/ZU289-70X-010-1_2.jpg;1299RUB;https://www.reserved.com/ru/ru/zu289-70x
Джинсы skinny;https://www.reserved.com/media/catalog/product/cache/850/a4e40ebdc3e371adff845072e1c73f37/Y/W/YW955-59J-040-1.jpg;999RUB;https://www.reserved.com/ru/ru/yw955-59j
Джинсы skinny;https://www.reserved.com/media/catalog/product/cache/850/a4e40ebdc3e371adff845072e1c73f37/Y/W/YW955-99J-002-1.jpg;1299RUB;https://www.reserved.com/ru/ru/yw955-99j
Стеганая куртка;https://www.reserved.com/media/catalog/product/cache/850/a4e40ebdc3e371adff845072e1c73f37/4/7/4716C-99X-002-1_1.jpg;2599RUB;https://www.reserved.com/ru/ru/4716c-99x
Куртка-анорак с капюшоном;https://www.reserved.com/media/catalog/product/cache/850/a4e40ebdc3e371adff845072e1c73f37/5/8/5859H-97X-003-1_1.jpg;2599RUB;https://www.reserved.com/ru/ru/5859h-97x
Брюки-чиносы slim fit;https://www.reserved.com/media/catalog/product/cache/850/a4e40ebdc3e371adff845072e1c73f37/Y/V/YV885-99P-040-1_3.jpg;1799RUB;https://www.reserved.com/ru/ru/yv885-99p
Брюки-чиносы slim fit;https://www.reserved.com/media/catalog/product/cache/850/a4e40ebdc3e371adff845072e1c73f37/Y/V/YV885-59P-040-1_2.jpg;1799RUB;https://www.reserved.com/ru/ru/yv885-59p
Брюки-чиносы slim fit;https://www.reserved.com/media/catalog/product/cache/850/a4e40ebdc3e371adff845072e1c73f37/Y/V/YV885-90P-001-1_1.jpg;1799RUB;https://www.reserved.com/ru/ru/yv885-90p
Брюки-чиносы slim fit;https://www.reserved.com/media/catalog/product/cache/850/a4e40ebdc3e371adff845072e1c73f37/Y/V/YV885-55P-001-1_1.jpg;1799RUB;https://www.reserved.com/ru/ru/yv885-55p
Футболка с мелким принтом;https://www.reserved.com/media/catalog/product/cache/850/a4e40ebdc3e371adff845072e1c73f37/6/1/6187H-01X-040-1_1.jpg;599RUB;https://www.reserved.com/ru/ru/6187h-01x
Брюки-ЧИНОСЫ slim fit;https://www.reserved.com/media/catalog/product/cache/850/a4e40ebdc3e371adff845072e1c73f37/3/5/3598C-59X-002-1.jpg;1299RUB;https://www.reserved.com/ru/ru/3598c-59x
Брюки-ЧИНОСЫ slim fit;https://www.reserved.com/media/catalog/product/cache/850/a4e40ebdc3e371adff845072e1c73f37/3/5/3598C-80X-002-1.jpg;1299RUB;https://www.reserved.com/ru/ru/3598c-80x
Брюки-ЧИНОСЫ slim fit;https://www.reserved.com/media/catalog/product/cache/850/a4e40ebdc3e371adff845072e1c73f37/3/5/3598C-95X-010-1_1.jpg;1299RUB;https://www.reserved.com/ru/ru/3598c-95x
Джинсовая рубашка из органического хлопка;https://www.reserved.com/media/catalog/product/cache/850/a4e40ebdc3e371adff845072e1c73f37/Z/W/ZW630-99J-040-1.jpg;1299RUB;https://www.reserved.com/ru/ru/zw630-99j
Футболка с принтом;https://www.reserved.com/media/catalog/product/cache/850/a4e40ebdc3e371adff845072e1c73f37/5/9/5946H-01X-010-1_1.jpg;599RUB;https://www.reserved.com/ru/ru/5946h-01x
Куртка-рубашка в клетку;https://www.reserved.com/media/catalog/product/cache/850/a4e40ebdc3e371adff845072e1c73f37/6/4/6430H-70X-001-1.jpg;1599RUB;https://www.reserved.com/ru/ru/6430h-70x
Куртка-рубашка в клетку;https://www.reserved.com/media/catalog/product/cache/850/a4e40ebdc3e371adff845072e1c73f37/6/4/6430H-44X-001-1.jpg;1599RUB;https://www.reserved.com/ru/ru/6430h-44x
Стеганая куртка-бомбер;https://www.reserved.com/media/catalog/product/cache/850/a4e40ebdc3e371adff845072e1c73f37/5/8/5870H-90X-001-1_3.jpg;2599RUB;https://www.reserved.com/ru/ru/5870h-90x
Мужская рубашка;https://www.reserved.com/media/catalog/product/cache/850/a4e40ebdc3e371adff845072e1c73f37/Y/V/YV999-09X-002-1_1.jpg;1299RUB;https://www.reserved.com/ru/ru/yv999-09x
Трикотажные брюки PREMIUM;https://www.reserved.com/media/catalog/product/cache/850/a4e40ebdc3e371adff845072e1c73f37/5/5/5542E-09M-040-1_2.jpg;1999RUB;https://www.reserved.com/ru/ru/5542e-09m
Джинсы slim;https://www.reserved.com/media/catalog/product/cache/850/a4e40ebdc3e371adff845072e1c73f37/Y/W/YW957-55J-040-1.jpg;1599RUB;https://www.reserved.com/ru/ru/yw957-55j
Джинсы slim;https://www.reserved.com/media/catalog/product/cache/850/a4e40ebdc3e371adff845072e1c73f37/6/2/6224H-59J-010-1_4.jpg;1999RUB;https://www.reserved.com/ru/ru/6224h-59j
Брюки carrot;https://www.reserved.com/media/catalog/product/cache/850/a4e40ebdc3e371adff845072e1c73f37/8/3/8391H-97X-002-1_3.jpg;1299RUB;https://www.reserved.com/ru/ru/8391h-97x
Стеганый жилет с капюшоном;https://www.reserved.com/media/catalog/product/cache/850/a4e40ebdc3e371adff845072e1c73f37/4/3/4347C-59X-002-1.jpg;2599RUB;https://www.reserved.com/ru/ru/4347c-59x
Кроссовки;https://www.reserved.com/media/catalog/product/cache/850/a4e40ebdc3e371adff845072e1c73f37/2/3/2365H-00X-010-1_6.jpg;2599RUB;https://www.reserved.com/ru/ru/2365h-00x
Футболка из гладкой ткани Basic;https://www.reserved.com/media/catalog/product/cache/850/a4e40ebdc3e371adff845072e1c73f37/X/S/XS163-99X-001-1_3.jpg;799RUB;https://www.reserved.com/ru/ru/xs163-99x
Кеды в спортивном стиле;https://www.reserved.com/media/catalog/product/cache/850/a4e40ebdc3e371adff845072e1c73f37/2/3/2399H-00X-010-1.jpg;1599RUB;https://www.reserved.com/ru/ru/2399h-00x
Рождественский кардиган;https://www.reserved.com/media/catalog/product/cache/850/a4e40ebdc3e371adff845072e1c73f37/6/3/6318H-MLC-030-1_1.jpg;1999RUB;https://www.reserved.com/ru/ru/6318h-mlc
Трикотажные брюки с добавлением хлопка;https://www.reserved.com/media/catalog/product/cache/850/a4e40ebdc3e371adff845072e1c73f37/7/0/7012H-82X-001-1_2.jpg;1299RUB;https://www.reserved.com/ru/ru/7012h-82x
Трикотажные брюки с добавлением хлопка;https://www.reserved.com/media/catalog/product/cache/850/a4e40ebdc3e371adff845072e1c73f37/7/0/7012H-71X-002-1_2.jpg;1299RUB;https://www.reserved.com/ru/ru/7012h-71x
Джинсы regular;https://www.reserved.com/media/catalog/product/cache/850/a4e40ebdc3e371adff845072e1c73f37/Y/W/YW952-90J-040-1_2.jpg;1599RUB;https://www.reserved.com/ru/ru/yw952-90j
Вельветовая куртка на искусственном меху;https://www.reserved.com/media/catalog/product/cache/850/a4e40ebdc3e371adff845072e1c73f37/5/8/5862H-95X-001-1.jpg;2999RUB;https://www.reserved.com/ru/ru/5862h-95x
Рубашка slim fit с мелким узором;https://www.reserved.com/media/catalog/product/cache/850/a4e40ebdc3e371adff845072e1c73f37/2/7/2734C-00P-002-1.jpg;1299RUB;https://www.reserved.com/ru/ru/2734c-00p
Рубашка slim fit с мелким узором;https://www.reserved.com/media/catalog/product/cache/850/a4e40ebdc3e371adff845072e1c73f37/2/7/2734C-50P-002-1.jpg;1299RUB;https://www.reserved.com/ru/ru/2734c-50p
Спортивные брюки;https://www.reserved.com/media/catalog/product/cache/850/a4e40ebdc3e371adff845072e1c73f37/3/0/3070I-65X-001-1_1.jpg;1999RUB;https://www.reserved.com/ru/ru/3070i-65x
СТЕГАНАЯ ТОЛСТОВКА ИЗ КОМБИНИРОВАННЫХ МАТЕРИАЛОВ;https://www.reserved.com/media/catalog/product/cache/850/a4e40ebdc3e371adff845072e1c73f37/5/9/5956H-59X-010-1_1.jpg;1999RUB;https://www.reserved.com/ru/ru/5956h-59x
СТЕГАНАЯ ТОЛСТОВКА ИЗ КОМБИНИРОВАННЫХ МАТЕРИАЛОВ;https://www.reserved.com/media/catalog/product/cache/850/a4e40ebdc3e371adff845072e1c73f37/5/9/5956H-99X-001-1_1.jpg;1999RUB;https://www.reserved.com/ru/ru/5956h-99x
Худи;https://www.reserved.com/media/catalog/product/cache/850/a4e40ebdc3e371adff845072e1c73f37/3/4/3473C-00X-010-1_3.jpg;1299RUB;https://www.reserved.com/ru/ru/3473c-00x
Джинсы straight fit;https://www.reserved.com/media/catalog/product/cache/850/a4e40ebdc3e371adff845072e1c73f37/6/0/6043H-95J-010-1_3.jpg;1599RUB;https://www.reserved.com/ru/ru/6043h-95j
Джинсы straight fit;https://www.reserved.com/media/catalog/product/cache/850/a4e40ebdc3e371adff845072e1c73f37/6/0/6043H-50J-010-1_1.jpg;1999RUB;https://www.reserved.com/ru/ru/6043h-50j
Куртка с капюшоном;https://www.reserved.com/media/catalog/product/cache/850/a4e40ebdc3e371adff845072e1c73f37/6/6/6648H-59X-001-1_1.jpg;1599RUB;https://www.reserved.com/ru/ru/6648h-59x
Брюки джоггеры;https://www.reserved.com/media/catalog/product/cache/850/a4e40ebdc3e371adff845072e1c73f37/8/3/8379H-79X-010-1_2.jpg;1699RUB;https://www.reserved.com/ru/ru/8379h-79x
Брюки джоггеры;https://www.reserved.com/media/catalog/product/cache/850/a4e40ebdc3e371adff845072e1c73f37/8/3/8379H-09X-002-1_2.jpg;1699RUB;https://www.reserved.com/ru/ru/8379h-09x
Пальто из ткани с добавлением вискозы;https://www.reserved.com/media/catalog/product/cache/850/a4e40ebdc3e371adff845072e1c73f37/6/2/6256H-09M-003-1_1.jpg;4999RUB;https://www.reserved.com/ru/ru/6256h-09m
Футболка из органического хлопка;https://www.reserved.com/media/catalog/product/cache/850/a4e40ebdc3e371adff845072e1c73f37/X/K/XK734-00X-001-1.jpg;399RUB;https://www.reserved.com/ru/ru/xk734-00x
Джемпер с добавлением хлопка basic;https://www.reserved.com/media/catalog/product/cache/850/a4e40ebdc3e371adff845072e1c73f37/6/6/6696H-95X-010-1_2.jpg;1999RUB;https://www.reserved.com/ru/ru/6696h-95x
Элегантные джоггеры;https://www.reserved.com/media/catalog/product/cache/850/a4e40ebdc3e371adff845072e1c73f37/3/4/3481C-59X-001-1_8.jpg;1599RUB;https://www.reserved.com/ru/ru/3481c-59x
Джоггеры slim;https://www.reserved.com/media/catalog/product/cache/850/a4e40ebdc3e371adff845072e1c73f37/3/4/3481C-99X-001-1.jpg;1599RUB;https://www.reserved.com/ru/ru/3481c-99x
Стеганая куртка-бомбер;https://www.reserved.com/media/catalog/product/cache/850/a4e40ebdc3e371adff845072e1c73f37/6/2/6220H-59M-004-1_1.jpg;2599RUB;https://www.reserved.com/ru/ru/6220h-59m
Стеганая куртка-бомбер;https://www.reserved.com/media/catalog/product/cache/850/a4e40ebdc3e371adff845072e1c73f37/6/2/6220H-99X-002-1_1.jpg;2599RUB;https://www.reserved.com/ru/ru/6220h-99x
Джоггеры slim fit из ткани с добавлением хлопка;https://www.reserved.com/media/catalog/product/cache/850/a4e40ebdc3e371adff845072e1c73f37/3/3/3340C-90X-001-1_2.jpg;1999RUB;https://www.reserved.com/ru/ru/3340c-90x
Однотонный лонгслив с воротником гольф;https://www.reserved.com/media/catalog/product/cache/850/a4e40ebdc3e371adff845072e1c73f37/X/K/XK784-99X-030-1.jpg;999RUB;https://www.reserved.com/ru/ru/xk784-99x
Джинсовая куртка с карманами;https://www.reserved.com/media/catalog/product/cache/850/a4e40ebdc3e371adff845072e1c73f37/Z/H/ZH962-55J-002-1.jpg;1999RUB;https://www.reserved.com/ru/ru/zh962-55j
Джинсовая куртка с карманами;https://www.reserved.com/media/catalog/product/cache/850/a4e40ebdc3e371adff845072e1c73f37/Z/H/ZH962-50J-002-1.jpg;1999RUB;https://www.reserved.com/ru/ru/zh962-50j
Ботинки в спортивном стиле;https://www.reserved.com/media/catalog/product/cache/850/a4e40ebdc3e371adff845072e1c73f37/2/3/2375H-01X-013-1_1.jpg;1999RUB;https://www.reserved.com/ru/ru/2375h-01x
Брюки slim fit;https://www.reserved.com/media/catalog/product/cache/850/a4e40ebdc3e371adff845072e1c73f37/4/2/4200C-87X-010-1_3.jpg;1299RUB;https://www.reserved.com/ru/ru/4200c-87x
Футболка с вышивкой;https://www.reserved.com/media/catalog/product/cache/850/a4e40ebdc3e371adff845072e1c73f37/6/0/6032H-99X-010-1.jpg;799RUB;https://www.reserved.com/ru/ru/6032h-99x
Кеды;https://www.reserved.com/media/catalog/product/cache/850/a4e40ebdc3e371adff845072e1c73f37/S/Z/SZ544-99X-001-1_4.jpg;2599RUB;https://www.reserved.com/ru/ru/sz544-99x
Трикотажные брюки slim;https://www.reserved.com/media/catalog/product/cache/850/a4e40ebdc3e371adff845072e1c73f37/6/0/6012H-08X-002-1_3.jpg;999RUB;https://www.reserved.com/ru/ru/6012h-08x
СТЕГАНАЯ ТОЛСТОВКА ИЗ КОМБИНИРОВАННЫХ МАТЕРИАЛОВ;https://www.reserved.com/media/catalog/product/cache/850/a4e40ebdc3e371adff845072e1c73f37/6/0/6054H-85M-002-1_1.jpg;1599RUB;https://www.reserved.com/ru/ru/6054h-85m
Трикотажные брюки-джоггеры;https://www.reserved.com/media/catalog/product/cache/850/a4e40ebdc3e371adff845072e1c73f37/3/7/3710C-08X-003-1_2.jpg;1299RUB;https://www.reserved.com/ru/ru/3710c-08x
Брюки jogger;https://www.reserved.com/media/catalog/product/cache/850/a4e40ebdc3e371adff845072e1c73f37/3/3/3333C-90X-010-1_2.jpg;1299RUB;https://www.reserved.com/ru/ru/3333c-90x
Рубашка поло с воротником-стойкой;https://www.reserved.com/media/catalog/product/cache/850/a4e40ebdc3e371adff845072e1c73f37/X/X/XX560-59X-040-1.jpg;799RUB;https://www.reserved.com/ru/ru/xx560-59x
Джинсы wide leg;https://www.reserved.com/media/catalog/product/cache/850/a4e40ebdc3e371adff845072e1c73f37/6/0/6049H-90J-010-1_2.jpg;1999RUB;https://www.reserved.com/ru/ru/6049h-90j
Джемпер из текстурированной вязаной ткани;https://www.reserved.com/media/catalog/product/cache/850/a4e40ebdc3e371adff845072e1c73f37/6/2/6282H-07X-002-1_4.jpg;1999RUB;https://www.reserved.com/ru/ru/6282h-07x
Футболка с принтом;https://www.reserved.com/media/catalog/product/cache/850/a4e40ebdc3e371adff845072e1c73f37/5/9/5975H-99X-010-1_1.jpg;599RUB;https://www.reserved.com/ru/ru/5975h-99x
Футболка с вышивкой;https://www.reserved.com/media/catalog/product/cache/850/a4e40ebdc3e371adff845072e1c73f37/6/1/6183H-99X-010-1.jpg;599RUB;https://www.reserved.com/ru/ru/6183h-99x
Джоггеры карго;https://www.reserved.com/media/catalog/product/cache/850/a4e40ebdc3e371adff845072e1c73f37/8/3/8386H-99X-001-1.jpg;1999RUB;https://www.reserved.com/ru/ru/8386h-99x
Стеганая куртка;https://www.reserved.com/media/catalog/product/cache/850/a4e40ebdc3e371adff845072e1c73f37/6/2/6218H-82X-001-1_1.jpg;3999RUB;https://www.reserved.com/ru/ru/6218h-82x
Куртка в байкерском стиле из экокожи;https://www.reserved.com/media/catalog/product/cache/850/a4e40ebdc3e371adff845072e1c73f37/4/8/4840C-99X-001-1_3.jpg;3999RUB;https://www.reserved.com/ru/ru/4840c-99x
Худи;https://www.reserved.com/media/catalog/product/cache/850/a4e40ebdc3e371adff845072e1c73f37/Z/U/ZU278-39X-001-1.jpg;1299RUB;https://www.reserved.com/ru/ru/zu278-39x
Брюки carrot;https://www.reserved.com/media/catalog/product/cache/850/a4e40ebdc3e371adff845072e1c73f37/6/4/6462H-59J-010-1_1.jpg;1599RUB;https://www.reserved.com/ru/ru/6462h-59j
Футболка с мелким принтом;https://www.reserved.com/media/catalog/product/cache/850/a4e40ebdc3e371adff845072e1c73f37/6/1/6187H-99X-040-1_1.jpg;599RUB;https://www.reserved.com/ru/ru/6187h-99x
Мужская рубашка;https://www.reserved.com/media/catalog/product/cache/850/a4e40ebdc3e371adff845072e1c73f37/Y/V/YV999-05X-002-1_1.jpg;1299RUB;https://www.reserved.com/ru/ru/yv999-05x
Рубашка хлопчатобумажная slim fit;https://www.reserved.com/media/catalog/product/cache/850/a4e40ebdc3e371adff845072e1c73f37/2/8/2803C-00X-001-1_1.jpg;1399RUB;https://www.reserved.com/ru/ru/2803c-00x
Вельветовая куртка на искусственном меху;https://www.reserved.com/media/catalog/product/cache/850/a4e40ebdc3e371adff845072e1c73f37/5/8/5862H-99X-001-1.jpg;2999RUB;https://www.reserved.com/ru/ru/5862h-99x
Вельветовая куртка на искусственном меху;https://www.reserved.com/media/catalog/product/cache/850/a4e40ebdc3e371adff845072e1c73f37/5/8/5862H-80X-003-1.jpg;2999RUB;https://www.reserved.com/ru/ru/5862h-80x
Рубашка slim fit с мелким узором;https://www.reserved.com/media/catalog/product/cache/850/a4e40ebdc3e371adff845072e1c73f37/2/7/2734C-99P-002-1.jpg;1299RUB;https://www.reserved.com/ru/ru/2734c-99p
Свитшот basic классического кроя;https://www.reserved.com/media/catalog/product/cache/850/a4e40ebdc3e371adff845072e1c73f37/3/4/3406C-01X-001-1_1.jpg;999RUB;https://www.reserved.com/ru/ru/3406c-01x
Спортивные брюки;https://www.reserved.com/media/catalog/product/cache/850/a4e40ebdc3e371adff845072e1c73f37/3/0/3070I-99X-002-1_1.jpg;1999RUB;https://www.reserved.com/ru/ru/3070i-99x
Футболка с принтом;https://www.reserved.com/media/catalog/product/cache/850/a4e40ebdc3e371adff845072e1c73f37/6/2/6238H-99X-010-1_1.jpg;599RUB;https://www.reserved.com/ru/ru/6238h-99x
Брюки джоггеры;https://www.reserved.com/media/catalog/product/cache/850/a4e40ebdc3e371adff845072e1c73f37/8/3/8379H-99X-010-1_2.jpg;1699RUB;https://www.reserved.com/ru/ru/8379h-99x
Стеганая куртка с карманами;https://www.reserved.com/media/catalog/product/cache/850/a4e40ebdc3e371adff845072e1c73f37/2/3/2342C-28X-002-1.jpg;1599RUB;https://www.reserved.com/ru/ru/2342c-28x
Рубашка comfort fit;https://www.reserved.com/media/catalog/product/cache/850/a4e40ebdc3e371adff845072e1c73f37/5/9/5972H-65X-040-1_8.jpg;1999RUB;https://www.reserved.com/ru/ru/5972h-65x
Рубашка поло;https://www.reserved.com/media/catalog/product/cache/850/a4e40ebdc3e371adff845072e1c73f37/4/5/4560C-59M-010-1_5.jpg;999RUB;https://www.reserved.com/ru/ru/4560c-59m
Рубашка поло;https://www.reserved.com/media/catalog/product/cache/850/a4e40ebdc3e371adff845072e1c73f37/4/5/4560C-08M-001-1_5.jpg;999RUB;https://www.reserved.com/ru/ru/4560c-08m
Футболка из текстурированной ткани;https://www.reserved.com/media/catalog/product/cache/850/a4e40ebdc3e371adff845072e1c73f37/8/2/8235H-01M-002-1_1.jpg;999RUB;https://www.reserved.com/ru/ru/8235h-01m
Худи с минималистичной надписью;https://www.reserved.com/media/catalog/product/cache/850/a4e40ebdc3e371adff845072e1c73f37/3/7/3709C-99X-001-1_1.jpg;1299RUB;https://www.reserved.com/ru/ru/3709c-99x
Худи с небольшим элементом с надписью;https://www.reserved.com/media/catalog/product/cache/850/a4e40ebdc3e371adff845072e1c73f37/3/7/3709C-08X-001-1_1.jpg;1299RUB;https://www.reserved.com/ru/ru/3709c-08x
СТЕГАНАЯ ТОЛСТОВКА ИЗ КОМБИНИРОВАННЫХ МАТЕРИАЛОВ;https://www.reserved.com/media/catalog/product/cache/850/a4e40ebdc3e371adff845072e1c73f37/6/0/6054H-99X-011-1_1.jpg;1599RUB;https://www.reserved.com/ru/ru/6054h-99x
Брюки jogger;https://www.reserved.com/media/catalog/product/cache/850/a4e40ebdc3e371adff845072e1c73f37/3/3/3333C-87X-003-1_2.jpg;1299RUB;https://www.reserved.com/ru/ru/3333c-87x
Рубашка из органического хлопка;https://www.reserved.com/media/catalog/product/cache/850/a4e40ebdc3e371adff845072e1c73f37/2/8/2818C-01X-010-1_1.jpg;1299RUB;https://www.reserved.com/ru/ru/2818c-01x
Футболка с мелким принтом;https://www.reserved.com/media/catalog/product/cache/850/a4e40ebdc3e371adff845072e1c73f37/5/0/5095C-99X-042-1_1.jpg;599RUB;https://www.reserved.com/ru/ru/5095c-99x
Рубашка поло с воротником-стойкой;https://www.reserved.com/media/catalog/product/cache/850/a4e40ebdc3e371adff845072e1c73f37/X/X/XX560-99X-001-1.jpg;799RUB;https://www.reserved.com/ru/ru/xx560-99x
"Футболка с принтом ""лама""";https://www.reserved.com/media/catalog/product/cache/850/a4e40ebdc3e371adff845072e1c73f37/6/3/6362H-59M-010-1_2.jpg;599RUB;https://www.reserved.com/ru/ru/6362h-59m
Рубашка хлопчатобумажная regular fit;https://www.reserved.com/media/catalog/product/cache/850/a4e40ebdc3e371adff845072e1c73f37/6/5/6500H-80X-002-1_2.jpg;1299RUB;https://www.reserved.com/ru/ru/6500h-80x
Джоггеры карго slim fit;https://www.reserved.com/media/catalog/product/cache/850/a4e40ebdc3e371adff845072e1c73f37/8/5/8500H-80X-010-1.jpg;1999RUB;https://www.reserved.com/ru/ru/8500h-80x
Футболка с принтом;https://www.reserved.com/media/catalog/product/cache/850/a4e40ebdc3e371adff845072e1c73f37/3/8/3821C-99X-001-1_2.jpg;799RUB;https://www.reserved.com/ru/ru/3821c-99x
Джоггеры карго;https://www.reserved.com/media/catalog/product/cache/850/a4e40ebdc3e371adff845072e1c73f37/8/3/8386H-87X-010-1.jpg;1999RUB;https://www.reserved.com/ru/ru/8386h-87x
Стеганая куртка с капюшоном;https://www.reserved.com/media/catalog/product/cache/850/a4e40ebdc3e371adff845072e1c73f37/5/8/5898H-80X-003-1_1.jpg;2999RUB;https://www.reserved.com/ru/ru/5898h-80x
Футболка с художественным графическим принтом;https://www.reserved.com/media/catalog/product/cache/850/a4e40ebdc3e371adff845072e1c73f37/5/9/5941H-01X-010-1_1.jpg;799RUB;https://www.reserved.com/ru/ru/5941h-01x
Свитер из текстурированного трикотажа;https://www.reserved.com/media/catalog/product/cache/850/a4e40ebdc3e371adff845072e1c73f37/Y/W/YW718-80M-003-1_4.jpg;1999RUB;https://www.reserved.com/ru/ru/yw718-80m
Свитер из текстурированного трикотажа;https://www.reserved.com/media/catalog/product/cache/850/a4e40ebdc3e371adff845072e1c73f37/Y/W/YW718-85M-004-1_4.jpg;1999RUB;https://www.reserved.com/ru/ru/yw718-85m
Свитер из текстурированного трикотажа;https://www.reserved.com/media/catalog/product/cache/850/a4e40ebdc3e371adff845072e1c73f37/Y/W/YW718-59M-001-1_4.jpg;1999RUB;https://www.reserved.com/ru/ru/yw718-59m
Удлиненный свитшот;https://www.reserved.com/media/catalog/product/cache/850/a4e40ebdc3e371adff845072e1c73f37/Y/U/YU937-99X-001-1_2.jpg;1599RUB;https://www.reserved.com/ru/ru/yu937-99x
Удлиненный свитшот;https://www.reserved.com/media/catalog/product/cache/850/a4e40ebdc3e371adff845072e1c73f37/Y/U/YU937-85M-001-1_2.jpg;1699RUB;https://www.reserved.com/ru/ru/yu937-85m
"Хлопковая футболка с мотивом ""ленивцы""";https://www.reserved.com/media/catalog/product/cache/850/a4e40ebdc3e371adff845072e1c73f37/Y/W/YW409-99X-040-1.jpg;599RUB;https://www.reserved.com/ru/ru/yw409-99x
Трикотажные шорты basic;https://www.reserved.com/media/catalog/product/cache/850/a4e40ebdc3e371adff845072e1c73f37/2/3/2334C-09M-040-1.jpg;799RUB;https://www.reserved.com/ru/ru/2334c-09m
Трикотажные шорты basic;https://www.reserved.com/media/catalog/product/cache/850/a4e40ebdc3e371adff845072e1c73f37/2/3/2334C-59X-001-1.jpg;799RUB;https://www.reserved.com/ru/ru/2334c-59x
Джинсы comfort;https://www.reserved.com/media/catalog/product/cache/850/a4e40ebdc3e371adff845072e1c73f37/Y/W/YW960-90J-040-1_3.jpg;1999RUB;https://www.reserved.com/ru/ru/yw960-90j
Рюкзак роллтоп из водоотталкивающего материала;https://www.reserved.com/media/catalog/product/cache/850/a4e40ebdc3e371adff845072e1c73f37/Y/P/YP427-95X-001-1_1.jpg;2599RUB;https://www.reserved.com/ru/ru/yp427-95x
Хлопчатобумажная рубашка в клетку;https://www.reserved.com/media/catalog/product/cache/850/a4e40ebdc3e371adff845072e1c73f37/6/4/6422H-78X-010-1.jpg;1299RUB;https://www.reserved.com/ru/ru/6422h-78x
Хлопковая футболка;https://www.reserved.com/media/catalog/product/cache/850/a4e40ebdc3e371adff845072e1c73f37/Y/W/YW648-10X-003-1.jpg;399RUB;https://www.reserved.com/ru/ru/yw648-10x
Хлопчатобумажные брюки regular fit;https://www.reserved.com/media/catalog/product/cache/850/a4e40ebdc3e371adff845072e1c73f37/3/3/3338C-99X-002-1_3.jpg;1299RUB;https://www.reserved.com/ru/ru/3338c-99x
Джинсовая куртка из комбинированных материалов;https://www.reserved.com/media/catalog/product/cache/850/a4e40ebdc3e371adff845072e1c73f37/6/3/6371H-99J-002-1_2.jpg;1699RUB;https://www.reserved.com/ru/ru/6371h-99j
Джинсовая куртка из комбинированных материалов;https://www.reserved.com/media/catalog/product/cache/850/a4e40ebdc3e371adff845072e1c73f37/6/3/6371H-50J-002-1_2.jpg;1699RUB;https://www.reserved.com/ru/ru/6371h-50j
Худи;https://www.reserved.com/media/catalog/product/cache/850/a4e40ebdc3e371adff845072e1c73f37/7/5/7592K-99X-001-1.jpg;1999RUB;https://www.reserved.com/ru/ru/7592k-99x
Худи;https://www.reserved.com/media/catalog/product/cache/850/a4e40ebdc3e371adff845072e1c73f37/7/5/7592K-65X-001-1.jpg;1999RUB;https://www.reserved.com/ru/ru/7592k-65x
Худи;https://www.reserved.com/media/catalog/product/cache/850/a4e40ebdc3e371adff845072e1c73f37/7/5/7592K-08X-001-1.jpg;1999RUB;https://www.reserved.com/ru/ru/7592k-08x
Стеганый жилет с воротником-стойкой;https://www.reserved.com/media/catalog/product/cache/850/a4e40ebdc3e371adff845072e1c73f37/3/9/3927C-59X-001-1.jpg;1999RUB;https://www.reserved.com/ru/ru/3927c-59x
Удлиненный свитшот;https://www.reserved.com/media/catalog/product/cache/850/a4e40ebdc3e371adff845072e1c73f37/Y/V/YV387-99X-020-1.jpg;1999RUB;https://www.reserved.com/ru/ru/yv387-99x
Парка на подкладке 3-в-1 PREMIUM;https://www.reserved.com/media/catalog/product/cache/850/a4e40ebdc3e371adff845072e1c73f37/3/7/3763E-91X-001-1_3.jpg;7999RUB;https://www.reserved.com/ru/ru/3763e-91x
Хлопковые брюки slim fit;https://www.reserved.com/media/catalog/product/cache/850/a4e40ebdc3e371adff845072e1c73f37/Y/V/YV600-95X-001-1_2.jpg;1299RUB;https://www.reserved.com/ru/ru/yv600-95x
Футболка со сплошным принтом;https://www.reserved.com/media/catalog/product/cache/850/a4e40ebdc3e371adff845072e1c73f37/3/0/3011C-99X-040-1_1.jpg;599RUB;https://www.reserved.com/ru/ru/3011c-99x
Брюки slim fit;https://www.reserved.com/media/catalog/product/cache/850/a4e40ebdc3e371adff845072e1c73f37/8/3/8368H-99M-001-1_2.jpg;1999RUB;https://www.reserved.com/ru/ru/8368h-99m
Джоггеры slim;https://www.reserved.com/media/catalog/product/cache/850/a4e40ebdc3e371adff845072e1c73f37/5/9/5903H-99X-001-1_3.jpg;1999RUB;https://www.reserved.com/ru/ru/5903h-99x
"Футболка с принтом ""коты""";https://www.reserved.com/media/catalog/product/cache/850/a4e40ebdc3e371adff845072e1c73f37/4/5/4579C-99X-010-1_1.jpg;599RUB;https://www.reserved.com/ru/ru/4579c-99x
Джоггеры super slim fit;https://www.reserved.com/media/catalog/product/cache/850/a4e40ebdc3e371adff845072e1c73f37/7/0/7003H-99X-001-1.jpg;1999RUB;https://www.reserved.com/ru/ru/7003h-99x
Брюки-чиносы slim со стрелками;https://www.reserved.com/media/catalog/product/cache/850/a4e40ebdc3e371adff845072e1c73f37/Y/V/YV276-99X-002-1_1.jpg;1799RUB;https://www.reserved.com/ru/ru/yv276-99x
Костюмный пиджак slim fit;https://www.reserved.com/media/catalog/product/cache/850/a4e40ebdc3e371adff845072e1c73f37/3/1/3123C-59X-040-1_2.jpg;3599RUB;https://www.reserved.com/ru/ru/3123c-59x
Костюмный пиджак slim fit;https://www.reserved.com/media/catalog/product/cache/850/a4e40ebdc3e371adff845072e1c73f37/3/1/3123C-09M-001-1.jpg;3599RUB;https://www.reserved.com/ru/ru/3123c-09m
